{"ops": [[2, 2, 3, 1, 1, 1, 2, 4, 1, 1, 2, 3, 2, 4, 2, 1, 2]], "paths": [[0, 0, 1, 1, 1, 1, 1, 1, 1, 1, 1, 1, 1, 1, 1, 1, 2]], "downs": [[0, 1, 0, 0, 0, 0, 0, 0, 0, 0, 0, 0, 0, 0, 0, 1, 0]], "widths": [[0.6666666666666666, 0.5, 1.0, 0.8333333333333334, 0.8333333333333334, 0.6666666666666666, 0.8333333333333334, 0.6666666666666666, 0.6666666666666666, 0.8333333333333334, 0.8333333333333334, 1.0, 1.0, 0.5, 0.6666666666666666, 0.5]], "lasts": [2]}