{"ops": [[3, 2, 2, 1, 2, 4, 1, 3, 3, 2, 3]], "paths": [[0, 0, 1, 1, 2, 2, 2, 2, 2, 2, 2]], "downs": [[0, 1, 0, 1, 0, 0, 0, 0, 0, 0, 0]], "widths": [[0.6666666666666666, 0.6666666666666666, 0.6666666666666666, 0.3333333333333333, 0.6666666666666666, 0.8333333333333334, 0.3333333333333333, 0.8333333333333334, 0.3333333333333333, 0.6666666666666666]], "lasts": [2]}